<?xml version="1.0" encoding="UTF-8" standalone="yes"?>
<addon id="plugin.video.mycanal" name="myCanal" version="1.1.0" provider-name="pelrol">
  <requires>
    <import addon="xbmc.python" version="3.0.0"/>
    <import addon="script.module.xbmcswift2" version="19.0.7"/>
  </requires>
  <extension point="xbmc.python.pluginsource" library="addon.py">
    <provides>video</provides>
  </extension>
  <extension point="xbmc.addon.metadata">
    <platform>all</platform>
    <language>en</language>
    <summary lang="en">Watch replay from french Canal+ channel</summary>
    <description lang="en">Retieves Canal+ replay info from myCanal JSON API</description>
    <license>GNU GENERAL PUBLIC LICENSE Version 3, 29 June 2007</license>
    <forum></forum>
    <website>https://github.com/pelrol/xbmc-my-canal</website>
    <source>https://github.com/pelrol/xbmc-my-canal</source>
    <email></email>
    <disclaimer lang="en">Feel free to use this addon. For information visit the github page.</disclaimer>
  </extension>
</addon>
